Station,River,Location,Easting,Northing,Area,ALTBAR,BFI,PROPWET,SAAR,QMED,Ireland
2001,Helmsdale,Kilphedir,299850,918150,553.24,213,0.324,0.65,1117,169.704,FALSE
2002,Brora,Bruachrobie,289150,903900,423.48,259,0.351,0.59,1217,164.339,FALSE
3002,Carron,Sgodachail,249150,892150,237.14,439,0.436,0.81,1784,177.884,FALSE
3003,Oykel,Easter Turnaig,240300,900150,331.67,297,0.359,0.81,1896,354.157,FALSE
4003,Alness,Alness,265450,869600,202.38,396,0.385,0.63,1366,80.293,FALSE
4005,Meig,Glenmeanie,228650,852800,123.67,463,0.389,0.76,2145,111.347,FALSE
4006,Bran,Dosmucheran,220450,860200,117.54,351,0.333,0.83,2203,84.553,FALSE
6003,Moriston,Invermoriston,241600,817000,398.45,408,0.362,0.74,2115,312.916,FALSE
6008,Enrick,Mill of Tore,245050,829950,107.02,346,0.433,0.7,1290,41.4335,FALSE
6012,Enrick,White Bridge,239200,830150,56.2,352,0.392,0.7,1331,36.1975,FALSE
7001,Findhorn,Shenachie,282550,833550,415.59,560,0.451,0.68,1217,277.058,FALSE
7002,Findhorn,Forres,301850,858400,781.78,442,0.434,0.56,1065,356.202,FALSE
7003,Lossie,Sheriffmills,319400,862650,216.66,192,0.577,0.42,833,44.353,FALSE
7004,Nairn,Firhall,288250,855050,304.96,290,0.587,0.5,942,95.831,FALSE
7005,Divie,Dunphail,300550,848000,164.63,316,0.352,0.48,871,65.167,FALSE
7008,Nairn,Balnafoich,268550,835150,128.06,376,0.529,0.68,1035,39.246,FALSE
7010,Muckle Burn,Brodie,297950,857100,80.68,185,0.64,0.42,810,17.4525,FALSE
7011,Black Burn,Pluscarden Abbey,314450,857500,36.38,168,0.661,0.42,808,5.205,FALSE
8002,Spey,Kinrara,288100,808200,1008.91,534,0.452,0.71,1316,156.0135,FALSE
8004,Avon,Delnashaugh,318500,835200,540.75,525,0.451,0.63,1108,210.5515,FALSE
8005,Spey,Boat of Garten,294700,819200,1261.3,522,0.47,0.7,1277,170.15,FALSE
8006,Spey,Boat o Brig,331850,851800,2852.39,460,0.485,0.63,1119,506.597,FALSE
8007,Spey,Invertruim,268750,796400,401.74,518,0.411,0.75,1430,104.4,FALSE
8008,Tromie,Tromie Bridge,278900,799650,131.61,622,0.448,0.72,1436,50.652,FALSE
8009,Dulnain,Balnaan Bridge,297700,824750,272.2,461,0.498,0.68,1012,88.368,FALSE
8010,Spey,Grantown,303300,826800,1745.84,495,0.484,0.69,1194,233.616,FALSE
8011,Livet,Minmore,320150,829000,102.78,445,0.449,0.63,1001,31.67,FALSE
8013,Feshie,Feshie Bridge,285000,804700,229.63,618,0.482,0.7,1286,112.543,FALSE
9001,Deveron,Avochie,353200,846450,444.91,329,0.505,0.53,988,128.5155,FALSE
9002,Deveron,Muiresk,370550,849850,961.45,244,0.511,0.46,928,268.355,FALSE
9003,Isla,Grange,349350,850600,179.98,208,0.474,0.42,900,53.547,FALSE
9004,Bogie,Redcraig,351950,837450,182.43,297,0.567,0.53,955,31.6225,FALSE
9006,Deskford Burn,Cullen,350400,866650,47.13,141,0.549,0.43,823,21.783,FALSE
9010,Deveron,Huntly,351650,840800,225.49,384,0.435,0.55,1036,110.4285,FALSE
10001,Ythan,Ardlethen,392450,830900,457.12,111,0.614,0.42,830,50.18,FALSE
10002,Ugie,Inverugie,410100,848550,325.72,87,0.522,0.4,812,45.871,FALSE
10003,Ythan,Ellon,394700,830350,532.29,108,0.62,0.42,826,57.695,FALSE
11001,Don,Parkhill,388750,814200,1269.15,262,0.584,0.52,884,136.246,FALSE
11002,Don,Haughton,375700,820150,792.67,332,0.573,0.55,916,113.041,FALSE
11003,Don,Bridge of Alford,356800,817050,509.94,408,0.565,0.56,967,95.8105,FALSE
11004,Urie,Pitcaple,372100,826000,195.44,206,0.562,0.53,870,21.4205,FALSE
12001,Dee,Woodend,363500,795600,1380.06,512,0.506,0.62,1108,436.809,FALSE
12002,Dee,Park,379750,798300,1833.21,447,0.507,0.58,1080,556.402,FALSE
12003,Dee,Polhollick,334400,796550,697.51,621,0.459,0.68,1231,301.394,FALSE
12005,Muick,Invermuick,336400,794750,109.39,592,0.512,0.68,1244,70.311,FALSE
12006,Gairn,Invergairn,335250,797050,145.91,557,0.452,0.64,1048,59.8715,FALSE
12007,Dee,Mar Lodge,309800,789550,292,682,0.4,0.69,1334,183.215,FALSE
12008,Feugh,Heugh Head,368700,792800,232.84,330,0.427,0.54,1130,133.925,FALSE
13001,Bervie,Inverbervie,382650,773350,124.47,149,0.554,0.45,890,35.577,FALSE
14001,Eden,Kemback,341450,715800,308.74,109,0.609,0.4,800,40.417,FALSE
15003,Tay,Caputh,308300,739550,3211.23,460,0.437,0.69,1609,860.5075,FALSE
15006,Tay,Ballathie,314750,736700,4586.79,411,0.473,0.58,1424,1027.884,FALSE
15007,Tay,Pitnacree,292400,753400,1149.08,467,0.442,0.7,1950,354.832,FALSE
15008,Dean Water,Cookston,334050,747950,176.61,140,0.622,0.38,840,26.832,FALSE
15010,Isla,Wester Cardean,329450,746600,363.76,362,0.532,0.51,1086,85.02,FALSE
15011,Lyon,Comrie Bridge,278550,748700,388.33,552,0.439,0.7,2005,217.392,FALSE
15013,Almond,Almondbank,306700,725800,173.28,408,0.466,0.61,1394,120.636,FALSE
15016,Tay,Kenmore,278200,746700,598.28,446,0.423,0.71,2130,183.943,FALSE
16001,Earn,Kinkell Bridge,293300,716650,584.67,315,0.487,0.63,1505,203.9845,FALSE
16003,Ruchill Water,Cultybraggan,276450,720400,101.07,395,0.433,0.59,1888,158.758,FALSE
16004,Earn,Forteviot Bridge,304400,718350,783.9,274,0.51,0.59,1404,249.2,FALSE
17001,Carron,Headswood,283200,681800,121.14,244,0.378,0.59,1519,91.2285,FALSE
17005,Avon,Polmonthill,295200,679650,194.81,161,0.411,0.56,990,70.851,FALSE
18005,Allan Water,Bridge of Allan,278600,698000,209.82,232,0.504,0.59,1337,76.551,FALSE
18023,Monachyle Burn,Upper Monachyle,248000,724950,2.2,489,0.368,0.79,2406,5.281,FALSE
19001,Almond,Craigiehall,316550,675250,379.51,177,0.399,0.5,892,127.886,FALSE
19002,Almond,Almond Weir,300350,665100,44.37,203,0.365,0.57,1016,18.569,FALSE
19004,North Esk,Dalmore Weir,325200,661600,79.85,299,0.561,0.49,949,19.489,FALSE
19005,Almond,Almondell,308600,668600,232.55,221,0.361,0.51,964,90.162,FALSE
19006,Water of Leith,Murrayfield,322800,673200,102.29,229,0.428,0.49,867,31.002,FALSE
19007,Esk,Musselburgh,333850,672350,322.53,239,0.567,0.49,837,72.5815,FALSE
19008,South Esk,Prestonholm,332500,662300,113.49,286,0.592,0.49,859,19.1135,FALSE
19010,Braid Burn,Liberton,327250,670800,15.4,190,0.514,0.49,770,3.805,FALSE
19011,North Esk,Dalkeith Palace,333200,667600,133.41,272,0.551,0.49,907,36.8565,FALSE
20001,Tyne,East Linton,359100,676800,307.26,174,0.489,0.43,713,51.9105,FALSE
20003,Tyne,Spilmersford,345600,668900,162.77,195,0.52,0.43,724,34.2575,FALSE
20005,Birns Water,Saltoun Hall,345700,668700,92.6,231,0.536,0.43,762,18.2145,FALSE
20006,Biel Water,Belton House,364450,676800,57.55,178,0.525,0.43,742,11.748,FALSE
20007,Gifford Water,Lennoxlove,351100,671700,67.78,221,0.527,0.43,770,16.895,FALSE
21001,Fruid Water,Fruid,308750,620600,22.01,474,0.392,0.72,1702,19.1,FALSE
21003,Tweed,Peebles,325850,640000,698.12,355,0.517,0.56,1140,177.4655,FALSE
21005,Tweed,Lyne Ford,320600,639750,377.18,379,0.507,0.66,1255,124.512,FALSE
21006,Tweed,Boleside,349800,633350,1505.54,358,0.496,0.58,1164,395.378,FALSE
21007,Ettrick Water,Lindean,348550,631550,502.74,372,0.443,0.67,1306,241.075,FALSE
21008,Teviot,Ormiston Mill,370200,628050,1121.55,239,0.458,0.57,936,350.319,FALSE
21009,Tweed,Norham,389850,647700,4398.76,264,0.495,0.49,955,824.881,FALSE
21011,Yarrow Water,Philiphaugh,343900,627700,232.46,411,0.443,0.7,1347,87.225,FALSE
21012,Teviot,Hawick,352250,615900,324.42,283,0.429,0.59,1149,193.3695,FALSE
21013,Gala Water,Galashiels,347950,637350,205.45,340,0.531,0.44,930,51.2525,FALSE
21015,Leader Water,Earlston,356500,638800,239.11,292,0.563,0.43,853,60.6065,FALSE
21016,Eye Water,Eyemouth Mill,394200,663600,118.93,150,0.597,0.29,730,36.964,FALSE
21017,Ettrick Water,Brockhoperig,323400,613150,38.59,470,0.421,0.72,1740,60.364,FALSE
21019,Manor Water,Cademuir,321700,636900,59.95,458,0.482,0.72,1344,25.1285,FALSE
21020,Yarrow Water,Gordon Arms,330900,624750,153.94,451,0.395,0.72,1496,54.245,FALSE
21021,Tweed,Sprouston,375250,635400,3345.76,296,0.496,0.53,1014,735.676,FALSE
21024,Jed Water,Jedburgh,365600,621350,139.95,253,0.437,0.57,914,71.4765,FALSE
21025,Ale Water,Ancrum,363400,624450,173.79,242,0.391,0.58,926,51.665,FALSE
21027,Blackadder Water,Mouth Bridge,382550,653000,155.34,195,0.518,0.41,774,40.298,FALSE
21029,Tweed,Glenbreck,306300,621550,34.4,420,0.353,0.72,1532,37.765,FALSE
21030,Megget Water,Henderland,323100,623100,56.08,511,0.393,0.72,1669,77.673,FALSE
21031,Till,Etal,392550,639550,634.68,209,0.504,0.46,827,82.07,FALSE
21032,Glen,Kirknewton,391850,631000,196.05,272,0.456,0.46,877,44.45,FALSE
21034,Yarrow Water,Craig Douglas,328950,624450,116.18,460,0.39,0.72,1555,38.503,FALSE
21035,Till,Heaton Mill,390000,642400,655.54,205,0.5,0.44,822,124.02,FALSE
22001,Coquet,Morwick,423450,604450,578.25,225,0.393,0.44,850,155.5815,FALSE
22002,Coquet,Bygate,386900,608350,60.01,406,0.413,0.46,1020,25.84,FALSE
22003,Usway Burn,Shillmoor,388650,607700,21.88,444,0.302,0.45,1056,19.263,FALSE
22004,Aln,Hawkhill,421100,612900,202.91,134,0.427,0.45,758,63.23,FALSE
22006,Blyth,Hartford Bridge,424300,580000,273.67,115,0.333,0.42,696,52.409,FALSE
22007,Wansbeck,Mitford,417450,585800,282.01,182,0.347,0.45,794,100.508,FALSE
22009,Coquet,Rothbury,406700,601550,345.98,284,0.395,0.45,905,133.4935,FALSE
23001,Tyne,Bywell,403850,561650,2172.36,286,0.318,0.51,1016,837.962,FALSE
23002,Derwent,Eddys Bridge,404100,550800,118.11,363,0.316,0.59,943,48.41,FALSE
23003,North Tyne,Reaverhill,390550,573200,1012.98,278,0.31,0.5,1023,403.997,FALSE
23004,South Tyne,Haydon Bridge,385650,564700,749.9,350,0.298,0.6,1147,452.3685,FALSE
23005,North Tyne,Tarset,377650,586100,283.38,325,0.274,0.62,1230,220.569,FALSE
23006,South Tyne,Featherstone,367200,561100,323.05,429,0.27,0.64,1331,241.698,FALSE
23007,Derwent,Rowlands Gill,416850,558100,243.99,281,0.335,0.59,849,42.335,FALSE
23008,Rede,Rede Bridge,386850,583200,345.2,284,0.322,0.47,941,126.774,FALSE
23009,South Tyne,Alston,371550,546550,118.68,514,0.266,0.64,1522,144.28,FALSE
23010,Tarset Burn,Greenhaugh,378900,587900,95.51,301,0.305,0.56,993,63.975,FALSE
23011,Kielder Burn,Kielder,364450,594700,58.59,408,0.273,0.59,1199,65.776,FALSE
23013,West Allen,Hindley Wrae,379100,558250,78.56,402,0.28,0.63,1156,53.825,FALSE
23015,North Tyne,Barrasford,392450,572100,1049.63,275,0.311,0.5,1013,422.68,FALSE
23017,Team,Team Valley,424950,558450,62.35,124,0.371,0.33,685,11.37,FALSE
23018,Ouse Burn,Woolsington,419400,569850,10.14,91,0.312,0.45,670,3.1855,FALSE
23033,Rede,Otterburn,386350,594400,180.63,329,0.31,0.49,1024,152.7925,FALSE
24001,Wear,Sunderland Bridge,426500,537750,661.17,301,0.342,0.47,932,185.838,FALSE
24003,Wear,Stanhope,398350,539050,173.49,472,0.3,0.59,1279,123.86,FALSE
24004,Bedburn Beck,Bedburn,411800,532200,74.12,316,0.362,0.59,895,27.5,FALSE
24005,Browney,Burnhall,425900,538650,179,197,0.331,0.41,743,38.1295,FALSE
24006,Rookhope Burn,Eastgate,395250,539100,36.6,451,0.293,0.59,1126,24.62,FALSE
24007,Browney,Lanchester,416500,546200,44.67,252,0.333,0.59,797,10.981,FALSE
24008,Wear,Witton Park,417300,530900,454.63,365,0.338,0.59,1035,201.916,FALSE
24009,Wear,Chester le Street,428300,551150,1005,249,0.351,0.4,855,238.134,FALSE
25001,Tees,Darlington Broken Scar,425850,513750,847.7,361,0.354,0.54,1122,396.1,FALSE
25003,Trout Beck,Moor House,375800,533450,11.4,657,0.227,0.64,1905,15.142,FALSE
25004,Skerne,Darlington South Park,428400,512950,224.19,100,0.398,0.32,644,21.53,FALSE
25005,Leven,Leven Bridge,444500,512100,194.15,126,0.381,0.34,726,43.32,FALSE
25006,Greta,Rutherford Bridge,403350,512200,86.81,402,0.241,0.62,1127,73.776,FALSE
25008,Tees,Barnard Castle,404600,516650,510.15,452,0.321,0.6,1310,261.3,FALSE
25009,Tees,Low Moor,436450,510550,1267.12,271,0.374,0.4,966,406.762,FALSE
25011,Langdon Beck,Langdon,385200,530900,12.79,544,0.237,0.59,1463,15.647,FALSE
25012,Harwood Beck,Harwood,384950,530900,24.58,539,0.261,0.59,1577,33.426,FALSE
25018,Tees,Middleton in Teesdale,394850,525000,242.01,531,0.283,0.6,1533,213.1405,FALSE
25019,Leven,Easby,458450,508700,15.09,215,0.524,0.38,830,5.09,FALSE
25020,Skerne,Preston le Skerne,429200,523750,152.77,112,0.437,0.32,654,14.842,FALSE
25021,Skerne,Bradbury,431800,528500,75.7,115,0.472,0.32,662,6.199,FALSE
25029,Leven,Foxton Bridge,445550,509400,183.86,131,0.382,0.35,732,36.72,FALSE
25808,Burnt Hill,Moor House,374600,523150,0.75,614,0.294,0.64,1499,0.0795,FALSE
25809,Bog Hill,Moor House,377350,532650,0.05,530,0.228,0.64,1757,0.066,FALSE
25810,Sike Hill,Moor House,377200,533200,0.04,534,0.275,0.64,1757,0.0945,FALSE
26003,Foston Beck,Foston Mill,509350,454900,59.59,77,0.878,0.3,698,1.742,FALSE
26009,West Beck,Snakeholme Lock,506650,455600,195.61,105,0.897,0.32,721,5.912,FALSE
26010,Driffield Canal,Snakeholme Lock,506700,455600,49.48,78,0.858,0.31,699,1.95,FALSE
26013,Driffield Trout Stream,Driffield,501850,456100,53.33,63,0.807,0.32,690,2.7,FALSE
26014,Water Forlornes,Driffield,502250,458300,32.42,104,0.949,0.31,721,0.424,FALSE
26016,Gypsey Race,Kirby Grindalythe,490400,467500,15.85,154,0.959,0.32,757,0.0995,FALSE
27001,Nidd,Hunsingore Weir,442800,453000,493.91,195,0.407,0.37,962,115.0925,FALSE
27002,Wharfe,Wetherby Flint Mill,442250,447300,759.05,273,0.386,0.43,1163,235.996,FALSE
27006,Don,Sheffield Hadfields,438950,390900,364.88,262,0.416,0.37,1014,86.7365,FALSE
27007,Ure,Westwick,435600,467050,912.58,273,0.42,0.41,1120,260.224,FALSE
27008,Swale,Leckby Topcliffe,441550,474850,1350.26,183,0.436,0.38,835,168.25,FALSE
27009,Ouse,Skelton,456850,455350,3300.8,185,0.439,0.37,899,322,FALSE
27010,Hodge Beck,Bransdale Weir,462700,494450,18.82,323,0.341,0.4,987,9.42,FALSE
27014,Rye,Little Habton,474250,477100,680.9,181,0.547,0.35,824,84.718,FALSE
27021,Don,Doncaster,457000,404000,1252.87,154,0.492,0.34,800,157.706,FALSE
27022,Don,Rotherham Weir,442650,392750,824.43,186,0.464,0.38,864,148.048,FALSE
27023,Dearne,Barnsley Weir,435000,407300,119.56,148,0.539,0.32,766,26.594,FALSE
27024,Swale,Richmond,414650,500650,377.97,411,0.342,0.62,1226,240.5405,FALSE
27025,Rother,Woodhouse Mill,443250,385700,351.1,134,0.494,0.38,756,49.007,FALSE
27026,Rother,Whittington,439350,374500,167.03,163,0.491,0.38,811,36.463,FALSE
27027,Wharfe,Ilkley,411200,448150,445.29,354,0.366,0.62,1369,267.21,FALSE
27028,Aire,Armley,428050,434050,687.01,220,0.408,0.49,1048,138.0475,FALSE
27029,Calder,Elland,412400,421950,340.75,292,0.455,0.57,1257,129.008,FALSE
27030,Dearne,Adwick,447700,402050,310.98,105,0.533,0.32,696,41.576,FALSE
27031,Colne,Colne Bridge,417400,419950,245.58,246,0.606,0.52,1144,89.087,FALSE
27032,Hebden Beck,Hebden,402450,464250,22.25,453,0.252,0.62,1433,4.052,FALSE
27034,Ure,Kilgram Bridge,419050,486000,510.94,366,0.386,0.63,1337,250.158,FALSE
27035,Aire,Kildwick Bridge,401100,445700,283.39,230,0.385,0.62,1151,58,FALSE
27040,Doe Lea,Staveley,444250,374600,68.12,114,0.433,0.38,708,10.645,FALSE
27041,Derwent,Buttercrambe,473100,458700,1594.24,128,0.608,0.34,765,70.6615,FALSE
27043,Wharfe,Addingham,409200,449300,430.01,360,0.366,0.62,1385,262.554,FALSE
27050,Esk,Sleights,486600,508150,298.49,225,0.349,0.4,881,97.602,FALSE
27051,Crimple,Burn Bridge,428400,451900,8.17,174,0.309,0.34,855,4.524,FALSE
27052,Whitting,Sheepbridge,437650,374750,54.27,182,0.536,0.38,834,15.716,FALSE
27053,Nidd,Birstwith,423000,460350,219.31,320,0.357,0.53,1218,97.4195,FALSE
27055,Rye,Broadway Foot,456000,488350,131.3,268,0.422,0.34,882,39.73,FALSE
27059,Laver,Ripon Laver Weir,430300,470950,78.44,195,0.42,0.36,912,21.878,FALSE
27062,Nidd,Skip Bridge,448250,456100,523.47,185,0.416,0.36,945,87.69,FALSE
27065,Holme,Huddersfield Queens Mill,414250,415750,100.7,276,0.605,0.57,1237,42.743,FALSE
27071,Swale,Crakehill,442500,473300,1354.44,182,0.436,0.38,835,157.238,FALSE
27073,Brompton Beck,Snainton Ings,493550,479450,8.06,82,0.887,0.39,721,0.812,FALSE
27079,Calder,Methley,440850,425750,950.18,205,0.525,0.39,1024,233.699,FALSE
27080,Aire,Oulton Lemonroyd,438300,428250,861.58,194,0.402,0.4,984,151.328,FALSE
27081,Oulton Beck,Oulton Farrer Lane,436450,428100,25.1,80,0.535,0.32,677,2.395,FALSE
27083,Foss,Huntington,461200,454350,126.35,39,0.478,0.32,637,12.323,FALSE
27084,Eastburn Beck,Crosshills,402050,445250,41.01,260,0.315,0.62,1129,28.85,FALSE
27086,Skell,Ripon Alma Weir,431550,470950,117.33,187,0.422,0.36,899,28.0565,FALSE
27087,Derwent,Low Marishes,483300,477400,475.94,101,0.684,0.34,741,14.6895,FALSE
27088,Calder,Mytholmroyd,401200,426050,146.87,323,0.361,0.57,1360,82.325,FALSE
27089,Wharfe,Tadcaster,447700,444150,815.35,258,0.416,0.41,1130,210.337,FALSE
27090,Swale,Catterick Bridge,422600,499350,497.56,358,0.381,0.61,1123,306.276,FALSE
27092,Esk,Briggswath,487350,508250,325.27,222,0.349,0.4,877,150.7,FALSE
27094,Wiske,Romanby Viewly Bridge,435100,492100,158.21,62,0.367,0.34,637,13.05,FALSE
27095,Pickering Beck,Pickering,479650,484150,66.2,169,0.688,0.4,837,8.261,FALSE
27096,Wharfe,Netherside Hall,398500,465000,215.18,422,0.386,0.62,1583,214.969,FALSE
27097,Aire,Bingley,410400,439500,464.78,240,0.379,0.62,1124,100.437,FALSE
27098,Calder,Dewsbury,424300,421450,715.75,249,0.52,0.51,1141,259.3565,FALSE
27099,Derwent,Malton A64 Road Bridge,481200,473100,1382.89,138,0.611,0.35,779,67.055,FALSE
28002,Blithe,Hamstall Ridware,410900,319150,162.11,150,0.464,0.43,782,17.52,FALSE
28003,Tame,Water Orton,416900,291450,405.6,144,0.497,0.31,726,78.8,FALSE
28008,Dove,Rocester Weir,411250,339650,397.97,270,0.555,0.41,1022,85.4795,FALSE
28009,Trent,Colwick,462050,339900,7466.4,142,0.505,0.31,760,426.233,FALSE
28010,Derwent,Longbridge Weir,435600,336350,1051.75,259,0.55,0.39,1012,142.703,FALSE
28011,Derwent,Matlock Bath,429700,358600,687.19,311,0.565,0.41,1114,113.921,FALSE
28015,Idle,Mattersey,469000,389500,528.18,77,0.787,0.27,650,9.86,FALSE
28018,Dove,Marston on Dove,423700,328800,884.07,217,0.528,0.42,935,112.589,FALSE
28019,Trent,Drakelow Park,423900,320400,3066.71,120,0.512,0.31,707,176.161,FALSE
28022,Trent,North Muskham,480450,360500,8209.42,134,0.502,0.3,747,434.251,FALSE
28023,Wye,Ashford,418200,369700,152.28,340,0.678,0.52,1165,16.37,FALSE
28024,Wreake,Syston Mill,461500,312450,417.01,117,0.403,0.28,634,34.45,FALSE
28026,Anker,Polesworth,426250,303350,371.58,108,0.446,0.3,653,49.1945,FALSE
28027,Erewash,Sandiacre,448250,336400,183.7,100,0.409,0.35,708,17.228,FALSE
28031,Manifold,Ilam,414000,350700,148.15,308,0.455,0.44,1098,66.58,FALSE
28032,Meden,Church Warsop,455800,368000,59.92,126,0.821,0.38,699,4.786,FALSE
28033,Dove,Hollinsclough,406300,366850,7.92,408,0.403,0.52,1346,4.1775,FALSE
28039,Rea,Calthorpe Park,407100,284700,73.68,168,0.511,0.3,781,31.2415,FALSE
28040,Trent,Stoke-On-Trent,389200,346650,58.52,185,0.403,0.44,861,11.5275,FALSE
28041,Hamps,Waterhouses,408300,350200,37.04,327,0.302,0.44,1085,26.313,FALSE
28043,Derwent,Chatsworth,426050,368400,344.34,335,0.461,0.41,1170,86.039,FALSE
28045,Meden/Maun,Bothamsall / Haughton,468150,372850,258.81,100,0.831,0.28,678,8.94,FALSE
28046,Dove,Izaak Walton,414700,351000,85.69,317,0.651,0.46,1098,13.187,FALSE
28049,Ryton,Worksop,457500,379500,75.38,97,0.748,0.38,664,5.545,FALSE
28053,Penk,Penkridge,392200,314400,268.6,119,0.464,0.32,698,28.138,FALSE
28055,Ecclesbourne,Duffield,431950,344650,51.06,167,0.455,0.35,852,14.4,FALSE
28056,Rothley Brook,Rothley,458050,312150,91.9,114,0.353,0.3,672,12.1,FALSE
28058,Henmore Brook,Ashbourne,417550,346200,38.52,208,0.448,0.36,895,8.838,FALSE
28060,Dover Beck,Lowdham,465300,347950,62.67,88,0.751,0.27,683,2.71,FALSE
28061,Churnet,Basford Bridge,398250,351950,136.34,230,0.442,0.44,976,27.6935,FALSE
28067,Derwent,Church Wilne,444150,331650,1176.63,241,0.55,0.38,979,168,FALSE
28070,Burbage Brook,Burbage,425950,380350,8.46,386,0.426,0.38,1006,4.302,FALSE
28080,Tame,Lea Marston Lakes,420800,293700,795.1,132,0.472,0.3,716,117.675,FALSE
28081,Tame,Bescot,401400,295650,174.46,149,0.4,0.31,712,34.8,FALSE
28082,Soar,Littlethorpe,454200,297300,180.56,103,0.445,0.3,637,16.205,FALSE
28083,Trent,Darlaston,388550,335500,193.71,157,0.443,0.44,819,34.664,FALSE
28085,Derwent,St Mary's Bridge,435350,336900,1051.02,259,0.55,0.39,1012,139.5,FALSE
28086,Sence,South Wigston,458800,297700,126.21,123,0.36,0.29,642,22.511,FALSE
28091,Ryton,Blyth,463150,387150,228.23,71,0.758,0.3,646,11.5,FALSE
28095,Tame,Hopwas Bridge,418100,305150,1429.23,120,0.488,0.3,691,134.7625,FALSE
29001,Waithe Beck,Brigsley,525300,401600,108.75,94,0.88,0.29,691,2.038,FALSE
29002,Great Eau,Claythorpe Mill,541650,379300,80.43,68,0.713,0.28,692,3.2625,FALSE
29003,Lud,Louth,533650,387900,55.72,91,0.82,0.29,698,3.274,FALSE
29004,Ancholme,Bishopbridge,503150,391050,59.04,28,0.558,0.26,615,5.99,FALSE
29009,Ancholme,Toft Newton,503200,387450,29.31,32,0.626,0.26,616,1.735,FALSE
30001,Witham,Claypole Mill,484200,347950,295.67,86,0.592,0.27,615,16.3125,FALSE
30003,Bain,Fulsby Lock,524100,361000,199.48,80,0.756,0.29,667,16.298,FALSE
30004,Lymn,Partney Mill,540150,367600,60.09,65,0.568,0.29,686,7.128,FALSE
30005,Witham,Saltersford Total,492700,333500,123.46,120,0.76,0.27,646,6.575,FALSE
30006,Slea,Leasingham Mill,508800,348450,51.53,58,0.809,0.23,601,1.88,FALSE
30011,Bain,Goulceby Bridge,524600,379450,64.55,108,0.841,0.29,695,2.365,FALSE
30013,Heighington Beck,Heighington,504050,369550,23.93,51,0.946,0.26,605,0.633,FALSE
30014,Pointon Lode,Pointon,512800,331250,10.93,43,0.338,0.22,591,2.663,FALSE
30017,Witham,Colsterworth,492900,324600,50.09,123,0.656,0.27,641,5.402,FALSE
31004,Welland,Tallington Total,509600,307700,708.01,104,0.476,0.29,632,34.7995,FALSE
31005,Welland,Tixover,497000,299650,419.62,111,0.377,0.3,636,37.24,FALSE
31010,Chater,Fosters Bridge,496050,303000,68.81,113,0.529,0.3,640,9.466,FALSE
31023,West Glen,Easton Wood,496550,325800,4.32,108,0.32,0.27,641,1.872,FALSE
31025,Gwash South Arm,Manton,487400,305050,23.68,147,0.306,0.3,663,9.919,FALSE
31026,Egleton Brook,Egleton,487850,307350,2.3,111,0.533,0.3,645,1.135,FALSE
32002,Willow Brook,Fotheringhay,506700,293300,94.47,88,0.374,0.25,603,5.9665,FALSE
32003,Harpers Brook,Old Mill Bridge,498350,279850,70.46,89,0.415,0.3,622,13.104,FALSE
32004,Ise Brook,Harrowden,489900,271250,194.36,108,0.542,0.29,635,14.896,FALSE
32007,Nene/Brampton,St Andrews Total,474850,261300,233.02,118,0.543,0.3,648,18.818,FALSE
32010,Nene,Wansford,508050,299600,1516.08,93,0.52,0.28,620,62.043,FALSE
32029,Flore,Experimental Catchment,465600,260450,8.31,105,0.43,0.3,624,1.94,FALSE
33005,Bedford Ouse,Thornborough Mill,473450,235350,387.67,114,0.48,0.31,655,21.8,FALSE
33007,Nar,Marham,572350,312000,147.39,58,0.804,0.26,683,3.6,FALSE
33011,Little Ouse,County Bridge Euston,589250,280200,129.35,39,0.652,0.28,596,3.908,FALSE
33012,Kym,Meagre Farm,515600,263100,138.15,61,0.309,0.24,585,16.723,FALSE
33013,Sapiston,Rectory Bridge,589550,279050,196.16,52,0.611,0.28,589,5.251,FALSE
33014,Lark,Temple,575800,272900,274.04,59,0.782,0.27,593,7.82,FALSE
33015,Ouzel,Willen,488200,240800,281.8,109,0.464,0.31,637,19.75,FALSE
33018,Tove,Cappenham Bridge,471150,248700,132.55,132,0.368,0.3,661,16.95,FALSE
33019,Thet,Melford Bridge,587950,283000,311.37,39,0.707,0.31,620,7.35,FALSE
33021,Rhee,Burnt Mill,541550,252400,308.05,49,0.713,0.24,559,7.987,FALSE
33022,Ivel,Blunham,515300,250900,539.63,73,0.646,0.27,582,22.4705,FALSE
33023,Lea Brook,Beck Bridge,566250,273250,105.95,65,0.561,0.21,579,3.17,FALSE
33027,Rhee,Wimpole,533300,248500,128.49,50,0.613,0.24,558,5.3485,FALSE
33028,Flit,Shefford,514250,239300,119.43,89,0.574,0.29,598,7.26,FALSE
33029,Stringside,Whitebridge,571600,300650,95.41,25,0.864,0.23,628,2.71,FALSE
33030,Clipstone Brook,Clipstone,493250,225550,40.35,123,0.362,0.31,640,8.32,FALSE
33031,Broughton Brook,Broughton,488850,240950,70.06,98,0.482,0.31,629,13.1045,FALSE
33032,Heacham,Heacham,568500,337500,56.16,57,0.968,0.24,688,0.4325,FALSE
33034,Little Ouse,Abbey Heath,585100,284400,707.75,42,0.694,0.29,607,15.9,FALSE
33039,Bedford Ouse,Roxton,516000,253500,1662.31,95,0.447,0.28,628,75.9,FALSE
33044,Thet,Bridgham,595650,285500,274.99,40,0.681,0.31,620,7.92,FALSE
33045,Wittle,Quidenham,602750,287850,27.45,42,0.534,0.31,608,1.11,FALSE
33046,Thet,Redbridge,599600,292300,143.43,44,0.581,0.31,624,7.945,FALSE
33048,Larling Brook,Stonebridge,592750,290650,21.99,39,0.694,0.24,635,0.318,FALSE
33049,Stanford Water,Buckenham Tofts,583400,295300,46.45,39,0.853,0.31,645,0.788,FALSE
33050,Snail,Fordham,563100,270250,57.88,65,0.738,0.26,577,1.483,FALSE
33051,Cam,Chesterford,550500,242650,140.02,93,0.576,0.29,599,7.9,FALSE
33052,Swaffham Lode,Swaffham Bulbeck,555300,262850,33.13,30,0.841,0.26,567,0.337,FALSE
33054,Babingley,Castle Rising,568000,325250,48.53,52,0.906,0.24,686,1.129,FALSE
33055,Granta,Babraham,551000,250400,101.97,80,0.638,0.26,579,4.007,FALSE
33058,Ouzel,Bletchley,488300,232200,221.11,113,0.481,0.31,641,25.7,FALSE
34001,Yare,Colney,618250,308250,228.81,46,0.528,0.31,635,13.334,FALSE
34003,Bure,Ingworth,619200,329650,161.27,51,0.778,0.31,669,5.428,FALSE
34005,Tud,Costessey Park,616950,311250,72.11,46,0.598,0.31,649,3.15,FALSE
34006,Waveney,Needham Mill,622900,281150,376.07,46,0.422,0.28,594,22.544,FALSE
34007,Dove,Oakley Park,617500,277100,139.37,51,0.427,0.28,585,12.8,FALSE
34008,Ant,Honing Lock,633100,327050,44.43,31,0.806,0.31,632,0.977,FALSE
34012,Burn,Burnham Overy,584150,342800,83.87,48,0.965,0.3,668,1.039,FALSE
35003,Alde,Farnham,636000,260150,62.78,41,0.365,0.26,592,12.57,FALSE
35004,Ore,Beversham,636050,258250,56.35,36,0.455,0.26,596,6.012,FALSE
35008,Gipping,Stowmarket,605750,257900,125.85,63,0.402,0.28,577,14.298,FALSE
36002,Glem,Glemsford,584600,247250,85.62,90,0.402,0.26,598,8.04,FALSE
36003,Box,Polstead,598550,237900,56.72,60,0.555,0.26,566,3.85,FALSE
36004,Chad Brook,Long Melford,586800,245950,50.33,80,0.44,0.28,589,5.062,FALSE
36005,Brett,Hadleigh,602450,242950,155.85,69,0.428,0.28,580,10.9,FALSE
36006,Stour,Langham,602050,234400,571.36,75,0.509,0.25,580,28.4,FALSE
36007,Belchamp Brook,Bardfield Bridge,584750,242150,58.16,65,0.523,0.25,560,4.63,FALSE
36008,Stour,Westmill,582750,246350,222.82,89,0.413,0.26,589,17.1,FALSE
36009,Brett,Cockfield,591400,252550,25.56,87,0.395,0.28,598,3.915,FALSE
36010,Bumpstead Brook,Broad Green,568950,241800,27.58,96,0.387,0.27,588,7.395,FALSE
36011,Stour Brook,Sturmer,569650,244100,34.24,98,0.381,0.26,592,6.79,FALSE
36012,Stour,Kedington,570850,245050,76.64,97,0.396,0.26,599,11.998,FALSE
36015,Stour,Lamarsh,589650,235750,481.29,80,0.474,0.26,583,30.7,FALSE
37001,Roding,Redbridge,541500,188350,301.05,68,0.331,0.29,607,21.279,FALSE
37003,Ter,Crabbs Bridge,578600,210750,77.76,59,0.461,0.31,570,5.635,FALSE
37005,Colne,Lexden,596250,226100,235.88,66,0.537,0.25,566,12.4,FALSE
37006,Can,Beach's Mill,569000,207150,227.85,66,0.316,0.28,589,23.67,FALSE
37007,Wid,Writtle,568700,206000,135.63,69,0.243,0.28,592,14.564,FALSE
37008,Chelmer,Springfield,571300,207100,189.62,77,0.492,0.31,584,13.947,FALSE
37009,Brain,Guithavon Valley,581800,214750,60.27,64,0.534,0.3,572,3.89,FALSE
37010,Blackwater,Appleford Bridge,584450,215800,249.12,67,0.475,0.26,572,13.1,FALSE
37011,Chelmer,Churchend,562850,223350,72.78,94,0.448,0.31,591,9.381,FALSE
37012,Colne,Poolstreet,577100,236400,64.49,82,0.403,0.29,574,9.503,FALSE
37013,Sandon Brook,Sandon Bridge,575550,205450,74.7,52,0.275,0.28,575,8.8,FALSE
37014,Roding,High Ongar,556150,204100,92.65,76,0.403,0.31,597,10.678,FALSE
37016,Pant,Copford Hall,566850,231300,63.8,97,0.404,0.3,588,7.01,FALSE
37017,Blackwater,Stisted,579250,224300,140.38,84,0.493,0.31,579,14.1,FALSE
37018,Ingrebourne,Gaynes Park,555150,186150,44.74,62,0.283,0.27,594,6.418,FALSE
37020,Chelmer,Felsted,567100,219350,133.45,86,0.468,0.31,588,13.22,FALSE
37031,Crouch,Wickford,574800,193400,70.15,37,0.218,0.27,571,11.913,FALSE
37033,Eastwood Brook,Eastwood,585850,188850,9.85,45,0.34,0.21,555,5.0235,FALSE
38002,Ash,Mardock,539350,214850,78,93,0.505,0.31,619,6.7475,FALSE
38003,Mimram,Panshanger Park,528250,213300,130.2,121,0.72,0.3,656,1.97,FALSE
38004,Rib,Wadesmill,535950,217450,136.79,112,0.47,0.3,625,11.629,FALSE
38007,Canons Brook,Elizabeth Way,543200,210400,20.76,75,0.353,0.31,601,6.92,FALSE
38011,Mimram,Fulling Mill,522650,216950,99.25,130,0.74,0.3,658,0.42,FALSE
38018,Upper Lee,Water Hall,530000,209950,157.74,114,0.686,0.3,663,7.04,FALSE
38020,Cobbins Brook,Sewardstone Road,538700,200000,38.79,71,0.223,0.29,616,7.5225,FALSE
38021,Turkey Brook,Albany Park,536000,198500,41.49,78,0.242,0.29,667,6.9585,FALSE
38022,Pymmes Brook,Edmonton Silver Street,534050,192550,40.55,65,0.243,0.29,672,19.4,FALSE
39001,Thames,Kingston,517750,169850,9930.8,109,0.653,0.3,706,314.875,FALSE
39002,Thames,Days Weir,456850,193600,3480,122,0.65,0.31,690,148.0145,FALSE
39003,Wandle,South Wimbledon,526600,170600,177.66,114,0.758,0.31,724,12.6,FALSE
39004,Wandle,Beddington Park,529650,165500,117.35,145,0.846,0.33,764,4.8695,FALSE
39005,Beverley Brook,Wimbledon Common,521650,171750,39.49,41,0.476,0.29,630,11.088,FALSE
39006,Windrush,Newbridge,440200,201850,361.6,178,0.79,0.33,744,11,FALSE
39007,Blackwater,Swallowfield,473100,164800,359.81,88,0.63,0.32,708,22.35,FALSE
39008,Thames,Eynsham,444500,208700,1626.76,135,0.686,0.32,730,75.331,FALSE
39010,Colne,Denham,505200,186350,725.9,121,0.629,0.29,704,10.236,FALSE
39011,Wey,Tilford,487450,143300,391.33,131,0.795,0.35,855,25.795,FALSE
39012,Hogsmill,Kingston upon Thames,518200,168800,72.91,72,0.599,0.3,671,13.4305,FALSE
39014,Ver,Hansteads,515100,201950,134.55,136,0.677,0.3,699,1.22,FALSE
39016,Kennet,Theale,464950,170850,1037.39,151,0.766,0.31,758,37.6235,FALSE
39018,Ock,Abingdon,448600,196950,248.22,87,0.635,0.31,637,10.1,FALSE
39019,Lambourn,Shaw,447050,168250,235.43,163,0.839,0.32,736,3.545,FALSE
39020,Coln,Bibury,412150,206250,107.3,197,0.858,0.33,821,3.6095,FALSE
39021,Cherwell,Enslow Mill,448200,218350,555.45,133,0.59,0.3,664,19.3,FALSE
39022,Loddon,Sheepbridge,472000,165250,176.77,94,0.594,0.33,735,16.5,FALSE
39023,Wye,Hedsor,489600,186700,134.18,149,0.797,0.3,755,2.69,FALSE
39025,Enborne,Brimpton,456800,164750,142.01,120,0.5,0.32,789,16.9,FALSE
39026,Cherwell,Banbury,445850,241100,204.59,139,0.41,0.3,664,16.0155,FALSE
39027,Pang,Pangbourne,463450,176600,175.68,121,0.72,0.31,694,2.14,FALSE
39028,Dun,Hungerford,432150,168500,100.1,157,0.768,0.31,786,2.17,FALSE
39029,Tilling Bourne,Shalford,500000,147850,58.78,133,0.885,0.36,810,1.955,FALSE
39033,Winterbourne Stream,Bagnor,445300,169450,45.31,148,0.766,0.32,717,0.397,FALSE
39034,Evenlode,Cassington Mill,444850,209950,427.14,142,0.699,0.32,691,20.5,FALSE
39035,Churn,Cerney Wick,407550,196300,126.74,189,0.825,0.32,833,3.295,FALSE
39036,Law Brook,Albury,504500,146800,16.06,139,0.888,0.36,819,0.459,FALSE
39037,Kennet,Marlborough,418700,168600,136.43,187,0.959,0.34,772,3.601,FALSE
39042,Leach,Priory Mill Lechlade,422700,199300,77.62,143,0.865,0.33,736,3.07,FALSE
39049,Silk Stream,Colindeep Lane,521750,189500,31.07,79,0.182,0.29,685,13.08,FALSE
39052,The Cut,Binfield,485350,171250,50,75,0.355,0.29,676,7.5435,FALSE
39053,Mole,Horley,527050,143250,91.59,88,0.464,0.36,812,26.6965,FALSE
39055,Yeading Brook West,North Hillingdon,508350,184600,16.82,51,0.172,0.29,657,4.2365,FALSE
39056,Ravensbourne,Catford Hill,537250,173250,126.18,105,0.715,0.28,714,15.546,FALSE
39081,Ock,Abingdon,448150,196650,233.6,88,0.623,0.31,639,10.2345,FALSE
39086,Gatwick Stream,Gatwick Link,528500,141700,32.62,102,0.597,0.36,830,9.647,FALSE
39088,Chess,Rickmansworth,506550,194800,96.92,153,0.692,0.3,753,1.13,FALSE
39089,Gade,Bury Mill,505350,207650,44.74,156,0.7,0.3,724,0.6085,FALSE
39090,Cole,Inglesham,420850,196950,139.79,111,0.53,0.31,682,13.9,FALSE
39093,Brent,Monks Park,520200,185050,105.94,72,0.197,0.29,675,25.329,FALSE
39096,Wealdstone Brook,Wembley,519350,186200,23.74,54,0.175,0.29,664,12.06,FALSE
39134,Ravensbourne,Bromley South,540550,168750,9.77,75,0.685,0.27,680,4.887,FALSE
40003,Medway,Teston / East Farleigh,570850,153050,1261.31,73,0.44,0.35,743,129.048,FALSE
40004,Rother,Udiam,577250,124400,204.64,81,0.388,0.35,857,43.25,FALSE
40005,Beult,Stilebridge,575850,147750,278.05,45,0.353,0.34,691,37.446,FALSE
40007,Medway,Chafford / Colliers Land Bridge,551750,140600,252.08,109,0.441,0.35,831,48.056,FALSE
40008,Great Stour,Wye,604900,147000,226.4,77,0.659,0.34,741,20.46,FALSE
40009,Teise,Stonebridge,571800,139950,134.5,93,0.443,0.36,812,26.06,FALSE
40010,Eden,Penshurst / Vexour Bridge,552000,143700,224.41,82,0.424,0.35,742,24.298,FALSE
40011,Great Stour,Horton,611550,155350,341.26,84,0.706,0.34,748,20.492,FALSE
40012,Darent,Hawley,555250,171850,187.31,117,0.833,0.29,729,2.8055,FALSE
40016,Cray,Crayford,551050,174550,123.5,98,0.856,0.27,694,7.75,FALSE
40018,Darent,Lullingstone,553050,164250,122.24,129,0.814,0.32,762,3.473,FALSE
40022,Great Stour,Chart Leacon,599250,142300,66.96,91,0.744,0.34,726,5.118,FALSE
40033,Dour,Crabble Mill,630050,143000,44.93,120,0.778,0.34,862,1.302,FALSE
41005,Ouse,Gold Bridge,542900,121400,182.66,77,0.494,0.35,835,32.908,FALSE
41006,Uck,Isfield,545850,119000,89.16,73,0.432,0.35,823,35.8795,FALSE
41011,Rother,Iping Mill,485200,122900,156.94,91,0.675,0.35,921,29.714,FALSE
41012,Adur E Branch,Sakeham,521900,119000,93.62,49,0.376,0.34,829,30.096,FALSE
41014,Arun,Pallingham,504650,122900,382.69,63,0.39,0.35,805,80.282,FALSE
41015,Ems,Westbourne,475500,107400,57.89,97,0.905,0.34,899,2.2515,FALSE
41016,Cuckmere,Cowbeech,561150,115050,19.1,90,0.471,0.34,855,8.8255,FALSE
41018,Kird,Tanyards,504400,125550,67.36,50,0.36,0.35,820,19.9025,FALSE
41020,Bevern Stream,Clappers Bridge,542350,116150,35.48,51,0.355,0.34,886,13.575,FALSE
41022,Lod,Halfway Bridge,493150,122250,52.44,82,0.48,0.35,857,15.9,FALSE
41023,Lavant,Graylingwell,487050,106450,86.2,122,0.936,0.34,922,1.473,FALSE
42001,Wallington,North Fareham,458700,107450,111.67,69,0.639,0.34,819,18.1,FALSE
42003,Lymington,Brockenhurst,431750,101900,99.87,48,0.387,0.33,854,24.95,FALSE
42005,Wallop Brook,Broughton,431100,133000,53.46,87,0.955,0.34,770,0.9825,FALSE
42006,Meon,Mislingford,458950,114100,75.85,113,0.952,0.34,896,2.8895,FALSE
42007,Alre,Drove Lane Alresford,457450,132600,57.45,126,0.964,0.34,857,2.4525,FALSE
42008,Cheriton Stream,Sewards Bridge,457350,132250,74.34,121,0.941,0.34,885,1.347,FALSE
42009,Candover Stream,Borough Bridge,456900,132350,72.06,139,0.951,0.34,819,0.992,FALSE
42010,Itchen,Highbridge & Allbrook Total,446800,121100,339.9,111,0.949,0.34,834,9.2,FALSE
42011,Hamble,Frogmill,452300,114900,55.25,77,0.747,0.33,838,7.935,FALSE
42012,Anton,Fullerton,437900,139250,186.16,113,0.931,0.34,773,3.2585,FALSE
42014,Blackwater,Ower,432850,117400,102.38,60,0.479,0.33,837,14.774,FALSE
42017,Hermitage Stream,Havant,471050,106800,17.33,38,0.245,0.34,785,9.783,FALSE
43003,Avon,East Mills Total,415850,114350,1459.45,130,0.894,0.34,807,46.58,FALSE
43004,Bourne,Laverstock,415650,130400,165.21,130,0.952,0.34,768,2.117,FALSE
43005,Avon,Amesbury,415100,141400,326.47,135,0.903,0.34,744,9.927,FALSE
43006,Nadder,Wilton,409750,130800,215.63,139,0.763,0.35,875,14.808,FALSE
43007,Stour,Throop,411250,96050,1062.08,92,0.664,0.35,861,100.5085,FALSE
43008,Wylye,South Newton,408650,134250,448.17,144,0.937,0.35,830,12.8,FALSE
43009,Stour,Hammoon,382000,114650,518.75,100,0.442,0.36,849,110,FALSE
43010,Allen,Loverley Farm,400700,108550,94.84,112,0.944,0.35,872,4.709,FALSE
43012,Wylye,Norton Bavant,390850,142750,114.01,167,0.885,0.35,925,4.637,FALSE
43014,East Avon,Upavon,413350,156000,85.83,145,0.838,0.32,759,3.608,FALSE
43017,West Avon,Upavon,413350,155950,84.63,137,0.872,0.34,744,5.439,FALSE
43018,Allen,Walford Mill,400800,100700,170.88,89,0.914,0.35,860,6.912,FALSE
43019,Shreen Water,Colesbrook,380800,127800,30.4,125,0.565,0.35,883,13.4185,FALSE
43028,Chitterne Brook,Codford,397050,140150,68,158,0.974,0.35,807,2.2965,FALSE
43029,Wylye,Brixton Deverill,385600,137950,50.04,189,0.931,0.35,968,1.562,FALSE
44001,Frome,East Stoke Total,386750,86850,414.59,115,0.778,0.37,968,21.34,FALSE
44002,Piddle,Baggs Mill,391300,87650,183.79,105,0.86,0.36,942,8.185,FALSE
44003,Asker,Bridport,347000,92750,48.52,100,0.696,0.38,924,12.3535,FALSE
44004,Frome,Dorchester Total,370850,90350,205.67,152,0.775,0.38,1010,15.847,FALSE
44006,Sydling Water,Sydling St Nicholas,363250,99650,12.06,188,0.879,0.38,1030,0.865,FALSE
44008,South Winterbourne,Winterbourne Steepleton,362950,89750,20.18,160,0.811,0.38,1012,0.434,FALSE
44009,Wey,Broadwey,366600,83900,8,101,0.779,0.38,894,1.757,FALSE
44011,Asker,East Bridge Bridport,347000,92750,48.52,100,0.696,0.38,924,16.483,FALSE
44013,Piddle,Little Puddle,371850,96450,34.09,152,0.893,0.38,1002,0.857,FALSE
44014,Piddle,Briantspuddle,382250,93350,107.24,124,0.882,0.38,969,4.993,FALSE
44015,Hooke,Hooke,353900,99900,12.59,200,0.599,0.38,1030,1.641,FALSE
45001,Exe,Thorverton,293600,101600,608.16,245,0.526,0.46,1249,175.036,FALSE
45002,Exe,Stoodleigh,294250,117800,420.69,285,0.495,0.48,1361,140.651,FALSE
45003,Culm,Woodmill,302050,105800,228.91,153,0.585,0.4,971,70.6,FALSE
45004,Axe,Whitford,326200,95300,288.56,138,0.498,0.39,994,104.211,FALSE
45005,Otter,Dotton,308700,88450,202.83,144,0.549,0.4,971,69.81,FALSE
45007,Exe,Trews Weir,292250,91850,1193.68,187,0.558,0.44,1090,267.78,FALSE
45008,Otter,Fenny Bridges,311450,98600,105.29,183,0.491,0.4,1040,63.799,FALSE
45009,Exe,Pixton,293500,126000,147.82,309,0.548,0.51,1375,47.153,FALSE
45012,Creedy,Cowley,290100,96750,263.63,124,0.577,0.46,909,75.623,FALSE
45013,Tale,Fairmile,308850,97100,31.43,123,0.514,0.4,922,10.0905,FALSE
45816,Haddeo,Upton,298850,128900,6.81,310,0.59,0.37,1210,3.456,FALSE
45817,Unnamed Stream,Upton,298850,128950,1.74,287,0.603,0.54,1207,1.2625,FALSE
45818,Withiel Florey Stream,Bessom Bridge,298050,132650,9.55,338,0.578,0.42,1271,4.179,FALSE
46003,Dart,Austins Bridge,275150,65850,249.99,327,0.523,0.47,1771,231.2,FALSE
46005,East Dart,Bellever,265700,77550,22.27,459,0.363,0.46,2095,39.242,FALSE
46006,Erme,Ermington,264150,53200,43.62,272,0.472,0.47,1714,49.78,FALSE
46007,West Dart,Dunnabridge,264350,74200,47.5,424,0.367,0.47,1987,70.1385,FALSE
46008,Avon,Loddiswell,271900,47600,102.22,202,0.554,0.47,1550,63.05,FALSE
46013,Bovey,Bovey Parke,281000,78700,86.95,261,0.681,0.46,1356,24.86,FALSE
46014,Teign,Chudleigh,285750,78500,232.28,227,0.575,0.46,1228,84.1,FALSE
47001,Tamar,Gunnislake,242650,72550,920.22,155,0.481,0.49,1215,263.788,FALSE
47004,Lynher,Pillaton Mill,236850,62550,135.29,175,0.549,0.48,1423,43.177,FALSE
47005,Ottery,Werrington Park,233700,86650,121.66,148,0.45,0.49,1199,62.162,FALSE
47006,Lyd,Lifton Park,238850,84250,220.39,187,0.485,0.5,1228,76.648,FALSE
47007,Yealm,Puslinch,257400,51100,56.91,169,0.549,0.47,1427,40.245,FALSE
47008,Thrushel,Tinhay,239750,85500,112.72,162,0.422,0.5,1144,39.956,FALSE
47009,Tiddy,Tideford,234450,59600,37.4,109,0.591,0.48,1276,6.8435,FALSE
47011,Plym,Carn Wood,252150,61200,79.5,277,0.481,0.48,1617,46.2,FALSE
47013,Withey Brook,Bastreet,224400,76400,13.95,288,0.368,0.48,1686,10.125,FALSE
47014,Walkham,Horrabridge,251300,69900,44.24,318,0.585,0.48,1665,39.715,FALSE
47020,Inny,Bealsmill,235900,77050,101.98,201,0.576,0.47,1429,33.943,FALSE
47021,Kensey,Launceston Newport,233000,85150,34.83,166,0.584,0.5,1298,13.62,FALSE
47022,Tory Brook,Newnham Park,255150,57700,13.43,180,0.431,0.48,1403,6.176,FALSE
47023,Tamar,Tamarstone Bridge,228350,105500,49.06,158,0.396,0.5,1217,18.596,FALSE
47024,Tavy,Tavistock Abbey Bridge,248300,74500,95.63,325,0.516,0.48,1666,81.841,FALSE
48001,Fowey,Trekeivesteps,222750,69850,36.69,269,0.444,0.47,1637,17.1945,FALSE
48003,Fal,Tregony,192100,44750,89.03,126,0.546,0.45,1211,11.0415,FALSE
48004,Warleggan,Trengoffe,215900,67350,25.26,219,0.499,0.45,1445,9.9565,FALSE
48005,Kenwyn,Truro,181950,45000,19.02,83,0.601,0.42,1100,5.666,FALSE
48006,Cober,Helston County Bridge,165550,27350,40.3,138,0.672,0.44,1209,5.519,FALSE
48007,Kennal,Ponsanooth,176250,37650,26.89,162,0.736,0.44,1294,4.179,FALSE
48009,St Neot,Craigshill Wood,218400,66000,22.97,230,0.463,0.45,1511,8.465,FALSE
48011,Fowey,Restormel,209800,62500,167.2,196,0.522,0.46,1435,50.945,FALSE
48012,Fal,Trenowth,193750,50600,65.07,149,0.523,0.45,1248,9.965,FALSE
48801,Cober,Trenear,167600,31100,26.5,162,0.671,0.44,1266,2.34,FALSE
48803,Carnon,Bissoe,177450,41250,33.62,103,0.623,0.42,1161,4.672,FALSE
49001,Camel,Denby,201750,68150,209.94,174,0.555,0.45,1338,57.5,FALSE
49002,Hayle,St Erth,154900,34200,48.58,80,0.642,0.44,1076,4.595,FALSE
49003,De Lank,De Lank,213350,76550,21.61,284,0.379,0.45,1628,13.646,FALSE
49004,Gannel,Gwills,182850,59250,40.83,78,0.617,0.45,1046,14.534,FALSE
49005,Bolingey Stream,Bolingey Cocks Bridge,176850,52900,16.08,73,0.627,0.42,1044,5.777,FALSE
49006,Camel,Camelford,210650,83900,12.52,253,0.575,0.46,1418,10.8,FALSE
50001,Taw,Umberleigh,260750,123650,832.97,182,0.472,0.48,1153,240.88,FALSE
50002,Torridge,Torrington,249950,118550,664.26,160,0.425,0.49,1184,233.6155,FALSE
50006,Mole,Woodleigh,266050,121050,327,210,0.502,0.54,1306,121.0025,FALSE
50007,Taw,Taw Bridge,267300,106800,72.24,234,0.49,0.46,1225,38.8135,FALSE
50008,Lew,Gribbleford Bridge,252750,101400,71.23,175,0.406,0.5,1192,56.62,FALSE
50009,Lew,Norley Bridge,250050,99900,20.05,178,0.446,0.5,1196,18.676,FALSE
50011,Okement,Jacobstowe,259150,101900,80.17,316,0.478,0.48,1510,59.565,FALSE
50014,Yeo,Collard Bridge,259500,135550,78.06,204,0.575,0.5,1342,18.585,FALSE
51001,Doniford Stream,Swill Bridge,308850,142900,74.23,145,0.629,0.35,911,12.252,FALSE
51002,Horner Water,West Luccombe,289800,145850,20.38,341,0.539,0.54,1485,9.9025,FALSE
51003,Washford,Beggearn Huish,304000,139450,36.7,252,0.588,0.38,1151,6.105,FALSE
52003,Halsewater,Halsewater,320650,125250,88.31,105,0.625,0.35,851,12.1895,FALSE
52004,Isle,Ashford Mill,336050,118800,87.41,93,0.499,0.4,891,35.9465,FALSE
52005,Tone,Bishops Hull,320600,125000,203.66,144,0.562,0.36,964,44.3115,FALSE
52006,Yeo,Pen Mill,357350,116200,216.4,95,0.569,0.38,865,49.916,FALSE
52007,Parrett,Chiselborough,346100,114450,74.26,73,0.537,0.38,886,31.354,FALSE
52009,Sheppey,Fenny Castle,349800,143850,58.16,142,0.688,0.37,974,7.519,FALSE
52010,Brue,Lovington,359000,131800,137.82,104,0.527,0.37,866,36.135,FALSE
52011,Cary,Somerton,349800,129050,84.64,38,0.532,0.37,715,9.1995,FALSE
52014,Tone,Greenham,307900,120300,57.74,240,0.553,0.35,1100,13.343,FALSE
52015,Land Yeo,Wraxall Bridge,348300,171550,23.33,94,0.669,0.35,906,3.6605,FALSE
52016,Currypool Stream,Currypool Farm,322150,138150,15.74,181,0.586,0.35,934,2.617,FALSE
52017,Congresbury Yeo,Iwood,345200,163050,55.37,107,0.592,0.35,982,8.36,FALSE
52025,Hillfarrance Brook,Milverton,311350,127000,27.75,163,0.633,0.35,1009,10.549,FALSE
53002,Semington Brook,Semington,390750,160550,153.34,89,0.564,0.34,712,14.25,FALSE
53004,Chew,Compton Dando,364800,164750,128.87,120,0.591,0.35,987,20.045,FALSE
53005,Midford Brook,Midford,376350,161100,147.27,125,0.625,0.36,965,29.133,FALSE
53006,Frome (Bristol),Frenchay,363750,177200,151.64,73,0.362,0.35,792,30.9485,FALSE
53007,Frome (Somerset),Tellisford,380500,156450,263.76,143,0.563,0.36,965,58.787,FALSE
53008,Avon,Great Somerford,396500,183200,305.17,119,0.622,0.34,804,36.794,FALSE
53009,Wellow Brook,Wellow,374050,158000,73.64,135,0.643,0.37,999,13.567,FALSE
53013,Marden,Stanley,395550,173000,99.46,110,0.559,0.34,724,13.38,FALSE
53017,Boyd,Bitton,368150,169900,47.58,111,0.496,0.35,807,13.845,FALSE
53018,Avon,Bathford,378550,167000,1569.35,109,0.575,0.34,817,165.317,FALSE
53023,Sherston Avon,Fosseway,389150,187000,77.73,138,0.72,0.34,835,7.278,FALSE
53025,Mells,Vallis,375750,149100,118.05,179,0.656,0.37,1056,21.57,FALSE
53026,Frome (Bristol),Frampton Cotterell,366750,182200,80.6,84,0.397,0.35,800,12.037,FALSE
53028,By Brook,Middlehill,381400,168800,99.49,137,0.729,0.34,835,10.272,FALSE
53029,Biss,Trowbridge,385400,157950,78.14,80,0.525,0.35,759,12.2695,FALSE
54001,Severn,Bewdley,378200,276100,4329.9,175,0.541,0.38,912,334.0525,FALSE
54002,Avon,Evesham,404000,243700,2207.95,99,0.401,0.29,654,175.864,FALSE
54004,Sowe,Stoneleigh,433200,273100,263.52,104,0.51,0.3,667,31.001,FALSE
54005,Severn,Montford,341200,314450,2026.77,249,0.47,0.5,1147,305.952,FALSE
54006,Stour (Worcs),Kidderminster Callows Lane,383000,276800,323.38,114,0.655,0.3,693,18.981,FALSE
54007,Arrow,Broom,408650,253600,320.84,102,0.374,0.28,689,58.918,FALSE
54008,Teme,Tenbury,359750,268500,1124.62,231,0.612,0.36,841,139.355,FALSE
54011,Salwarpe,Harford Hill,386850,261950,186.52,83,0.523,0.28,666,20.113,FALSE
54012,Tern,Walcot,359200,312300,851.65,93,0.616,0.34,694,35.4135,FALSE
54014,Severn,Abermule,316550,295800,574.54,288,0.449,0.52,1256,185.3,FALSE
54016,Roden,Rodington,358900,314150,261.94,89,0.615,0.34,693,10.858,FALSE
54017,Leadon,Wedderburn Bridge,377650,223350,287.41,74,0.57,0.33,685,48.071,FALSE
54018,Rea Brook,Hookagate,346550,309250,172.85,183,0.508,0.42,757,22.95,FALSE
54019,Avon,Stareton,433300,271550,346.06,119,0.424,0.29,654,28.6,FALSE
54020,Perry,Yeaton,343450,319200,188.08,102,0.654,0.4,739,10.59,FALSE
54022,Severn,Plynlimon flume,285300,287200,8.75,501,0.323,0.66,2481,14.9875,FALSE
54023,Badsey Brook,Offenham,406300,244900,93.93,78,0.331,0.29,653,10.171,FALSE
54024,Worfe,Burcote,374600,295350,255.22,96,0.642,0.34,687,6.45,FALSE
54025,Dulas,Rhos-y-pentref,294950,282500,53.33,342,0.439,0.59,1268,23.2395,FALSE
54026,Chelt,Slate Mill,389150,226400,31.31,122,0.443,0.33,726,9.419,FALSE
54027,Frome,Ebley Mill,383000,204600,196.71,179,0.738,0.32,827,11.382,FALSE
54028,Vyrnwy,Llanymynech,325300,319600,779.14,291,0.439,0.51,1339,264.248,FALSE
54029,Teme,Knightsford Bridge,373450,255750,1483.65,212,0.6,0.35,818,181.584,FALSE
54034,Dowles Brook,Oak Cottage,377100,276400,44.16,127,0.634,0.32,714,9.6,FALSE
54036,Isbourne,Hinton on the Green,402400,240700,92.83,127,0.479,0.32,701,13.225,FALSE
54038,Tanat,Llanyblodwel,325200,322450,241.13,322,0.477,0.51,1274,79.1265,FALSE
54040,Meese,Tibberton,368050,320450,159.87,98,0.588,0.34,700,4.736,FALSE
54041,Tern,Eaton upon Tern,364900,323200,193.49,107,0.645,0.34,719,12.4435,FALSE
54044,Tern,Ternhill,362900,331450,95.73,125,0.698,0.34,739,4.69,FALSE
54057,Severn,Haw Bridge,384500,227900,9885.46,145,0.513,0.32,793,478,FALSE
54080,Severn,Dolwen,299000,285200,174.42,349,0.448,0.64,1611,96.215,FALSE
54091,Severn,Hafren Flume,284300,287750,3.46,529,0.304,0.66,2513,5.92,FALSE
54092,Hore,Hore Flume,284550,287250,3.22,513,0.33,0.66,2533,6.372,FALSE
54102,Avon,Lilbourne,456350,277750,109.58,142,0.354,0.29,668,12.313,FALSE
54106,Stour (Warks),Shipston,426050,240500,185.16,143,0.454,0.32,677,29.232,FALSE
54111,Avon,Rugby,450300,276650,243.37,131,0.362,0.29,658,30.8495,FALSE
54114,Avon,Warwick,429900,265300,1012.49,106,0.417,0.3,654,74.6415,FALSE
54906,Stour (Worcs),Kidderminster Gilt Edge,382900,276850,323.24,114,0.655,0.3,693,16.793,FALSE
54907,Arrow,Broom,408650,253600,320.84,102,0.374,0.28,689,40.8765,FALSE
55002,Wye,Belmont,348500,238750,1894.26,297,0.472,0.5,1230,392.8975,FALSE
55004,Irfon,Abernant,289050,246000,73.01,412,0.402,0.65,1845,56.542,FALSE
55005,Wye,Rhayader,296950,267600,164.47,392,0.419,0.59,1656,115.322,FALSE
55007,Wye,Erwood,307550,244450,1283.4,343,0.426,0.53,1386,517.502,FALSE
55010,Wye,Pant Mawr,284400,282500,27.25,482,0.386,0.66,2341,50.404,FALSE
55012,Irfon,Cilmery,299550,250750,246.66,333,0.431,0.65,1627,184.924,FALSE
55013,Arrow,Titley Mill,332800,258500,125.9,303,0.553,0.49,962,27.1765,FALSE
55014,Lugg,Byton,336450,264650,202.55,299,0.593,0.49,977,27.627,FALSE
55016,Ithon,Disserth,302450,257800,358.95,324,0.427,0.49,1066,117.1,FALSE
55018,Frome,Yarkhill,361500,242700,143.82,138,0.567,0.32,706,22.548,FALSE
55021,Lugg,Butts Bridge,350200,258950,365.89,232,0.61,0.37,877,49.333,FALSE
55023,Wye,Redbrook,352750,211100,4016.25,227,0.542,0.38,1010,486.55,FALSE
55025,Llynfi,Three Cocks,316600,237600,131.62,239,0.576,0.54,999,54.545,FALSE
55026,Wye,Ddol Farm,297550,267600,172.12,387,0.423,0.59,1636,115.1575,FALSE
55029,Monnow,Grosmont,341600,224850,355.01,228,0.583,0.41,956,155.954,FALSE
55032,Elan,Caban Dam,292800,264550,183.78,449,0.353,0.65,1825,119.7,FALSE
56001,Usk,Chainbridge,334600,205550,913.25,312,0.597,0.56,1367,369.7,FALSE
56002,Ebbw,Rhiwderin,325850,188900,211.82,317,0.538,0.49,1454,106.3,FALSE
56003,Honddu,The Forge Brecon,305000,229700,62.66,311,0.529,0.53,1171,23.456,FALSE
56004,Usk,Llandetty,312700,220400,545.44,328,0.547,0.57,1478,347.6,FALSE
56006,Usk,Trallong,294700,229550,184.74,344,0.477,0.62,1674,163.6,FALSE
56011,Sirhowy,Wattsville,320550,191200,76.41,320,0.523,0.49,1481,32.1495,FALSE
56012,Grwyne,Millbrook,324050,217600,82.8,431,0.648,0.54,1241,22.525,FALSE
56013,Yscir,Pont-Ar-Yscir,300350,230400,63.55,349,0.495,0.61,1299,33.88,FALSE
57004,Cynon,Abercynon,307950,195650,103.3,270,0.421,0.54,1773,80.14,FALSE
57005,Taff,Pontypridd,307950,189700,451.69,320,0.409,0.5,1833,357.1,FALSE
57006,Rhondda,Trehafod,305300,190950,102.7,328,0.365,0.49,2183,116.4,FALSE
57007,Taff,Fiddlers Elbow,308900,195150,193.84,367,0.402,0.52,1719,160.9,FALSE
57008,Rhymney,Llanedeyrn,322450,182100,185.61,224,0.521,0.48,1409,90.97,FALSE
57009,Ely,St Fagans,312100,177050,146.45,104,0.577,0.47,1350,53.734,FALSE
57010,Ely,Lanelay,303350,182700,38.88,172,0.455,0.47,1620,38.99,FALSE
57014,Rhymney,Bargoed,315600,198400,63.57,351,0.439,0.53,1502,58.021,FALSE
57015,Taff,Merthyr Tydfil,304300,206800,111.25,430,0.352,0.55,1858,95.7875,FALSE
57017,Rhondda Fawr,Tynewydd,293250,198650,16.64,427,0.317,0.57,2458,24.3,FALSE
58001,Ogmore,Bridgend,290400,179450,157.79,211,0.478,0.52,1775,117.25,FALSE
58002,Neath,Resolven,281550,201700,190.7,318,0.346,0.62,1946,222.535,FALSE
58005,Ogmore,Brynmenyn,290400,184450,74.21,268,0.492,0.52,1977,55.7,FALSE
58006,Mellte,Pontneddfechan,291500,208150,65.32,401,0.322,0.62,1981,87.37,FALSE
58007,Llynfi,Coytrahen,289100,185500,51,212,0.474,0.52,1777,44.52,FALSE
58008,Dulais,Cilfrew,277850,200750,43.45,228,0.377,0.62,1806,57.65,FALSE
58009,Ewenny,Keepers Lodge,292000,178250,63.27,85,0.555,0.52,1324,29.0185,FALSE
58012,Afan,Marcroft Weir,277100,191000,89.71,306,0.452,0.53,2036,98.68,FALSE
59001,Tawe,Ynystanglws,268550,199800,227.45,287,0.407,0.62,1890,253.45,FALSE
59002,Loughor,Tir-y-dail,262300,212650,46.9,159,0.466,0.58,1499,57.41,FALSE
60001,Tywi,Ty Castell,249150,220350,1090.84,234,0.478,0.59,1535,387.8,FALSE
60002,Cothi,Felin Mynachdy,250900,222450,298.73,231,0.5,0.56,1551,176.8035,FALSE
60003,Taf,Clog-y-Fran,223800,216050,216.44,125,0.553,0.46,1420,76.99,FALSE
60006,Gwili,Glangwili,243000,221950,131.14,188,0.536,0.52,1603,81.325,FALSE
60007,Tywi,Dolau Hirion,276150,236250,220.28,351,0.431,0.64,1685,171.3,FALSE
60009,Sawdde,Felin-y-cwm,271200,226550,78.86,309,0.448,0.62,1794,126.862,FALSE
60012,Twrch,Ddol Las,265000,243950,19.5,305,0.419,0.65,1531,15.262,FALSE
60013,Cothi,Pont Ynys Brechfa,253700,230100,243.01,242,0.493,0.57,1538,122.902,FALSE
60017,Twrch,Gurnos,277250,209300,49.89,340,0.358,0.62,1991,71.9,FALSE
61002,Eastern Cleddau,Canaston Bridge,207250,215300,181.87,152,0.537,0.44,1437,80.5825,FALSE
62001,Teifi,Glanteifi,224450,241650,897.59,209,0.507,0.52,1379,208.9,FALSE
62002,Teifi,Llanfair,243300,240650,517.58,243,0.484,0.54,1392,139.535,FALSE
63001,Ystwyth,Pont Llolwyn,259050,277300,170.1,265,0.489,0.63,1456,94.5145,FALSE
63003,Wyre,Llanrhystud,254200,269750,40.55,197,0.472,0.53,1182,20.08,FALSE
64001,Dyfi,Dyfi Bridge,274500,301900,464.61,281,0.478,0.66,1835,321.667,FALSE
64002,Dysynni,Pont-y-Garth,263150,306600,74.93,314,0.448,0.66,2166,72.331,FALSE
64006,Leri,Dolybont,263500,288050,47.02,262,0.504,0.66,1496,18.4545,FALSE
64011,Cerist,Llaw'r Cae,281950,316300,5.35,419,0.459,0.66,2159,5.421,FALSE
65001,Glaslyn,Beddgelert,259200,347800,66.95,338,0.406,0.62,2810,86.441,FALSE
65004,Gwyrfai,Bontnewydd,248400,359900,46.11,295,0.412,0.54,2154,21.98,FALSE
65005,Erch,Pencaenewydd,240000,340350,19.42,175,0.439,0.56,1477,10.848,FALSE
65006,Seiont,Peblig Mill,249450,362300,79.89,321,0.499,0.49,2258,49.8,FALSE
65007,Dwyfor,Garndolbenmaen,249850,342900,51.6,268,0.404,0.56,2055,42.583,FALSE
66001,Clwyd,Pont-y-Cambwll,307000,370950,404.56,207,0.588,0.41,910,49.854,FALSE
66002,Elwy,Pant yr Onen,302050,370400,218.51,269,0.483,0.58,1145,65.6005,FALSE
66004,Wheeler,Bodfari,310500,371350,62.91,207,0.696,0.38,863,3.69,FALSE
66005,Clwyd,Ruthin Weir,312200,359200,96.39,234,0.518,0.51,958,17.03,FALSE
66006,Elwy,Pont-y-Gwyddel,295250,371750,191.36,284,0.476,0.6,1185,73.1,FALSE
66011,Conwy,Cwmlanerch,280150,358050,340.11,342,0.363,0.7,2042,373.8125,FALSE
67005,Ceiriog,Brynkinalt Weir,329500,337300,111.72,386,0.462,0.51,1198,28.93,FALSE
67006,Alwen,Druid,304100,343600,185.48,356,0.403,0.62,1305,77.336,FALSE
67008,Alyn,Pont-y-Capel,333550,354050,225.65,233,0.591,0.41,917,21.59,FALSE
67009,Alyn,Rhydymwyn,320400,366750,81.6,303,0.615,0.41,968,8.78,FALSE
67010,Gelyn,Cynefail,284250,342050,12.76,424,0.251,0.71,2002,16.77,FALSE
67013,Hirnant,Plas Rhiwedog,294600,334950,32.47,435,0.415,0.71,1756,24.081,FALSE
67015,Dee,Manley Hall,334850,341450,1008.74,339,0.431,0.55,1367,226,FALSE
67018,Dee,New Inn,287400,330800,53.38,387,0.312,0.71,2022,74.65,FALSE
68001,Weaver,Ashbrook,367150,363500,622.68,79,0.513,0.34,732,46.6775,FALSE
68003,Dane,Rudheath,366750,371800,412.46,144,0.459,0.4,853,55.3135,FALSE
68005,Weaver,Audlem,365250,343050,201.38,89,0.502,0.34,719,13.9505,FALSE
68006,Dane,Hulme Walfield,384500,364400,151.42,261,0.417,0.5,1017,53.477,FALSE
68007,Wincham Brook,Lostock Gralam,369700,375700,148.34,73,0.508,0.39,818,20.402,FALSE
68010,Fender,Ford Lane,328050,388000,18.01,45,0.432,0.38,774,5.538,FALSE
68011,Arley Brook,Gore Farm,369650,379900,33.76,61,0.437,0.37,831,6.109,FALSE
68018,Dane,Congleton Park,386100,363300,142.57,270,0.408,0.5,1030,41.75,FALSE
68020,Gowy,Bridge Trafford,344850,371100,148.66,52,0.538,0.35,729,15.168,FALSE
68021,Arrowe Brook,Acton Lane,325500,389400,17.88,43,0.513,0.38,750,3.98,FALSE
68044,Dane,Hug Bridge,393100,363600,72.56,353,0.373,0.52,1160,43.99,FALSE
69003,Irk,Scotland Weir,384100,399200,73.28,115,0.508,0.57,1024,37.7435,FALSE
69005,Glaze Brook,Little Woolden Hall,368500,393900,160.15,50,0.39,0.41,965,31.862,FALSE
69006,Bollin,Dunham Massey,372650,387550,257.57,124,0.507,0.43,881,38.414,FALSE
69007,Mersey,Ashton Weir,377250,393600,667.27,242,0.413,0.53,1127,164,FALSE
69008,Dean,Stanneylands,384600,383000,58.87,187,0.552,0.52,954,9.059,FALSE
69011,Micker Brook,Cheadle,385500,388900,58.81,132,0.405,0.52,899,16.1205,FALSE
69012,Bollin,Wilmslow,384950,381500,68.38,183,0.545,0.52,933,16.893,FALSE
69015,Etherow,Compstall,396250,390750,149.4,342,0.367,0.53,1322,52.488,FALSE
69017,Goyt,Marple Bridge,396400,389800,184.23,309,0.482,0.52,1152,59.2415,FALSE
69019,Worsley Brook,Eccles,375300,398050,24.05,61,0.349,0.44,956,5.74,FALSE
69020,Medlock,London Road,384900,397550,57.09,147,0.382,0.55,1025,23.2705,FALSE
69022,Irwell,Irwell Vale,379150,420150,100.6,300,0.455,0.55,1392,81.826,FALSE
69023,Roch,Blackford Bridge,380700,407750,190.45,218,0.499,0.57,1240,71.285,FALSE
69024,Croal,Farnworth Weir,374350,406850,141.78,201,0.33,0.51,1288,60.432,FALSE
69025,Irwell,Manchester Racecourse,382100,400350,550.51,213,0.429,0.54,1260,270.5,FALSE
69027,Tame,Portwood,390700,391900,146.01,259,0.366,0.54,1215,62.2075,FALSE
69028,Mersey,Brinksway,388500,390050,517.28,289,0.409,0.53,1199,138.3075,FALSE
69030,Sankey Brook,Causey Bridges,358750,392200,147.74,51,0.471,0.38,903,27.65,FALSE
69032,Alt,Kirkby,339150,398350,96.61,35,0.486,0.37,860,17.122,FALSE
69041,Tame,Broomstairs,393700,395350,115.85,295,0.368,0.55,1290,49.2175,FALSE
69043,Irk,Collyhurst Weir,384850,399700,72.3,116,0.51,0.57,1026,28.3405,FALSE
69044,Irwell,Bury Ground,380000,411400,139.97,280,0.43,0.54,1367,112.88,FALSE
69046,Bradshaw Brook,Bradshaw Tennis Club,373350,412250,36.87,254,0.345,0.51,1384,21.733,FALSE
69047,Roch,Littleborough,394000,416550,14.78,292,0.475,0.57,1353,9.438,FALSE
69048,Tame,Uppermill,399500,405100,40.6,317,0.388,0.57,1359,16.505,FALSE
69803,Roch,Rochdale,388200,412700,110.53,250,0.47,0.57,1306,44.65,FALSE
70002,Douglas,Wanes Blades Bridge,347600,412550,189.78,97,0.459,0.51,1028,44.6,FALSE
70003,Douglas,Wigan,358600,406000,67.72,156,0.418,0.51,1140,17.7025,FALSE
70004,Yarrow,Croston Mill,349850,417950,81.42,93,0.464,0.51,1050,28.2615,FALSE
70005,Lostock,Littlewood Bridge,349700,419650,54.19,71,0.474,0.51,1022,22.723,FALSE
71001,Ribble,Samlesbury,358900,430400,1144.7,220,0.371,0.56,1350,629.757,FALSE
71003,Croasdale Beck,Croasdale Flume,370650,454600,10.71,343,0.276,0.6,1882,10.9,FALSE
71004,Calder,Whalley Weir,372900,436050,317.44,221,0.395,0.55,1232,174.493,FALSE
71006,Ribble,Henthorn,372200,439200,446.17,238,0.367,0.61,1343,220.24,FALSE
71008,Hodder,Hodder Place,370400,439950,258.14,246,0.33,0.6,1602,222.3405,FALSE
71009,Ribble,New Jumbles Rock,370250,437550,1047.01,231,0.367,0.57,1369,534,FALSE
71010,Pendle Water,Barden Lane,383700,435150,110.62,252,0.388,0.58,1249,81.7635,FALSE
71011,Ribble,Arnford,383850,455550,203.18,319,0.382,0.61,1446,121.8525,FALSE
71013,Darwen,Ewood,367750,426200,39.05,231,0.424,0.51,1340,28.252,FALSE
71014,Darwen,Blue Bridge,356450,427750,136.21,163,0.408,0.51,1199,88.905,FALSE
72002,Wyre,St Michaels,346300,441150,273.75,146,0.368,0.56,1251,130.886,FALSE
72003,Hindburn,Wray,360500,467950,82.7,266,0.305,0.6,1552,130.8675,FALSE
72004,Lune,Caton,352900,465350,985.37,275,0.404,0.64,1521,728.011,FALSE
72005,Lune,Killington,362200,490650,219.24,317,0.438,0.71,1670,268.782,FALSE
72006,Lune,Kirkby Lonsdale,361550,477750,510.09,315,0.425,0.71,1652,441.994,FALSE
72007,Brock,upstream of A6,351250,440550,31.51,196,0.319,0.6,1361,28.011,FALSE
72009,Wenning,Wennington,361550,470100,139.36,231,0.37,0.6,1313,106.6335,FALSE
72011,Rawthey,Brigflatts,363950,491100,194.09,366,0.348,0.71,1751,270.25,FALSE
72014,Conder,Galgate,348150,455350,28.99,131,0.443,0.6,1183,16.779,FALSE
72015,Lune,Lunes Bridge,361200,502900,140.83,318,0.44,0.71,1630,202.6665,FALSE
72016,Wyre,Scorton Weir,350100,450000,87.99,243,0.316,0.6,1473,79.331,FALSE
72017,Wenning,Hornby,358600,468400,230.68,238,0.35,0.6,1391,214.526,FALSE
72817,New Mill Brook,Hollowforth Hall,350350,436400,33.19,77,0.387,0.52,1110,20.799,FALSE
73002,Crake,Low Nibthwaite,329450,488200,72.34,212,0.363,0.71,2152,19.649,FALSE
73003,Kent,Burneside,350700,495550,74.52,265,0.466,0.71,1895,65.834,FALSE
73005,Kent,Sedgwick,350850,487400,212.24,234,0.514,0.71,1726,163.644,FALSE
73008,Bela,Beetham,349600,480600,127.43,136,0.529,0.68,1294,36.7665,FALSE
73009,Sprint,Sprint Mill,351500,496100,34.7,334,0.452,0.71,2013,42.9055,FALSE
73010,Leven,Newby Bridge,336600,486300,247.97,229,0.44,0.71,2172,71.0915,FALSE
73011,Mint,Mint Bridge,352400,494450,65.44,231,0.512,0.71,1599,56.248,FALSE
73012,Kent,Victoria Bridge,351700,493150,183.2,257,0.496,0.71,1787,141.772,FALSE
73014,Brathay,Jeffy Knotts,336000,503400,56.58,291,0.435,0.71,2757,86.9855,FALSE
73015,Keer,High Keer Weir,352300,471900,30.04,93,0.486,0.6,1158,12.3755,FALSE
73017,Kent,Bowston,349950,496550,70.62,272,0.454,0.71,1919,64.7655,FALSE
74001,Duddon,Duddon Hall,319550,489600,85.26,315,0.337,0.71,2267,120.9135,FALSE
74002,Irt,Galesyke,313550,503800,43.99,377,0.367,0.71,2629,21.4345,FALSE
74003,Ehen,Bleach Green,308400,515400,44.59,372,0.417,0.71,2542,33.9955,FALSE
74005,Ehen,Braystones,300900,506050,129.5,219,0.497,0.69,1753,69.19,FALSE
74006,Calder,Calder Hall,303500,504500,43.9,284,0.423,0.71,1828,59.001,FALSE
74007,Esk,Cropple How,313100,497800,70.04,318,0.416,0.71,2308,103.15,FALSE
74008,Duddon,Ulpha,320900,494700,47.05,373,0.323,0.71,2517,68.689,FALSE
75001,St Johns Beck,Thirlmere Reservoir,331300,519500,41.87,465,0.38,0.71,2598,20.196,FALSE
75002,Derwent,Camerton,303750,530500,661.92,271,0.438,0.63,1810,203.936,FALSE
75003,Derwent,Ouse Bridge,319900,532100,363.04,334,0.439,0.63,2064,98.99,FALSE
75004,Cocker,Southwaite Bridge,313050,528100,116.17,300,0.483,0.63,1976,53.243,FALSE
75005,Derwent,Portinscale,325200,523850,237.24,365,0.408,0.64,2238,105.15,FALSE
75007,Glenderamackin,Threlkeld,332250,524800,64.68,352,0.395,0.62,1723,63.755,FALSE
75009,Greta,Low Briery,328550,524250,146.99,378,0.399,0.63,2025,110.942,FALSE
75017,Ellen,Bullgill,309600,538400,102.57,164,0.487,0.62,1106,37.725,FALSE
75018,Derwent,Seaton Mill,301950,529450,665.8,270,0.437,0.63,1805,203.0115,FALSE
76001,Haweswater Beck,Burnbanks,350750,515950,32.34,463,0.345,0.71,2438,16.2255,FALSE
76002,Eden,Warwick Bridge,346950,556700,1374.85,284,0.509,0.65,1272,413.42,FALSE
76003,Eamont,Udford,357600,530450,406.99,333,0.453,0.66,1768,200.926,FALSE
76004,Lowther,Eamont Bridge,352500,528550,156.1,360,0.405,0.69,1828,112.7,FALSE
76005,Eden,Temple Sowerby,360450,528350,618.21,283,0.474,0.66,1142,260.298,FALSE
76007,Eden,Sheepmount,339000,557150,2276,248,0.489,0.64,1182,615.615,FALSE
76008,Irthing,Greenholme,348600,558100,333.42,225,0.359,0.62,1073,150.6825,FALSE
76010,Petteril,Harraby Green,341200,554500,157.58,161,0.59,0.64,940,33.117,FALSE
76011,Coal Burn,Coalburn,369350,577750,1.63,305,0.196,0.62,1096,1.84,FALSE
76014,Eden,Kirkby Stephen,377300,509700,66.82,395,0.409,0.68,1492,88.6755,FALSE
76015,Eamont,Pooley Bridge,347200,524950,149.36,390,0.404,0.67,2149,59.677,FALSE
76017,Eden,Great Corby,346750,555350,1371.7,284,0.509,0.65,1273,519.3375,FALSE
76019,Roe Beck,Stockdalewath,338750,545000,63.09,174,0.429,0.63,983,41.376,FALSE
76021,Eden,Great Musgrave Bridge,376500,513100,223.03,352,0.443,0.66,1270,184.146,FALSE
76022,Caldew,Cummersdale,339500,552750,249.7,250,0.419,0.62,1211,156.7515,FALSE
76023,Dacre Beck,Dacre Bridge,346050,526300,33.97,287,0.457,0.64,1428,35.266,FALSE
77001,Esk,Netherby,339050,571800,848.74,266,0.371,0.61,1358,636.5095,FALSE
77002,Esk,Canonbie,339700,575050,495.4,279,0.405,0.61,1423,362.131,FALSE
77003,Liddel Water,Rowanburnfoot,341450,575950,319.3,266,0.314,0.62,1291,296.218,FALSE
78003,Annan,Brydekirk,319050,570400,925.03,226,0.486,0.62,1350,317.988,FALSE
78004,Kinnel Water,Redhall,307700,586850,76.17,243,0.431,0.62,1466,78.224,FALSE
78005,Kinnel Water,Bridgemuir,309050,584500,229.28,241,0.434,0.62,1397,123.004,FALSE
79002,Nith,Friars Carse,292350,585150,797.71,294,0.433,0.67,1461,447.64,FALSE
79003,Nith,Hall Bridge,268400,613000,153.02,330,0.358,0.63,1512,69.9715,FALSE
79004,Scar Water,Capenoch,284500,594100,142.68,319,0.446,0.66,1627,132.922,FALSE
79005,Cluden Water,Fiddlers Ford,292850,579550,237.23,216,0.497,0.64,1422,106.947,FALSE
79006,Nith,Drumlanrig,285800,599300,469.04,328,0.386,0.68,1485,336.556,FALSE
80001,Urr,Dalbeattie,282150,561000,197.07,155,0.376,0.64,1341,84.27,FALSE
80003,White Laggan Burn,Loch Dee,246800,578100,5.74,440,0.385,0.69,2468,6.53,FALSE
81002,Cree,Newton Stewart,241250,565350,366.21,238,0.341,0.69,1757,208.969,FALSE
81003,Luce,Airyhemming,218000,559950,170.7,182,0.296,0.58,1504,164.224,FALSE
82001,Girvan,Robstone,221700,599650,243.63,193,0.4,0.6,1368,103.679,FALSE
82003,Stinchar,Balnowlart,210750,583200,324.54,201,0.392,0.63,1507,200.433,FALSE
83003,Ayr,Catrine,252500,625900,167.25,281,0.328,0.67,1292,100.777,FALSE
83004,Lugar Water,Langholm,250750,621700,203.82,255,0.31,0.62,1254,133.21,FALSE
83005,Irvine,Shewalton,234500,636900,367.57,151,0.339,0.6,1228,200.4925,FALSE
83006,Ayr,Mainholm,236200,621600,579.04,219,0.33,0.62,1212,248.945,FALSE
83013,Irvine,Glenfield,243000,637000,211.89,167,0.348,0.59,1222,87.9,FALSE
84001,Kelvin,Killermont,255850,670500,335.21,138,0.405,0.58,1258,80.498,FALSE
84002,Calder,Muirshiel,230900,663800,12.05,359,0.272,0.61,2316,16.31,FALSE
84003,Clyde,Hazelbank,283550,645300,1093.1,318,0.45,0.6,1165,274.929,FALSE
84004,Clyde,Sills of Clyde,292850,642350,742.27,343,0.458,0.6,1223,210.636,FALSE
84005,Clyde,Blairston,270450,657950,1699.36,279,0.422,0.59,1139,376.239,FALSE
84007,South Calder Water,Forgewood,275150,658550,92.32,189,0.331,0.58,928,20.524,FALSE
84008,Rotten Calder Water,Redlees,267950,660450,55.41,192,0.315,0.58,1217,29.7445,FALSE
84011,Gryfe,Craigend,241450,666350,86.87,176,0.449,0.61,1837,71.791,FALSE
84012,White Cart Water,Hawkhead,249900,662900,236.26,146,0.414,0.6,1306,105.9,FALSE
84013,Clyde,Daldowie,267150,661650,1901.23,265,0.412,0.59,1128,424.0985,FALSE
84014,Avon Water,Fairholm,275350,651900,263.07,245,0.376,0.59,1264,162.547,FALSE
84015,Kelvin,Dryfield,263750,673950,237.02,148,0.39,0.58,1256,61.5655,FALSE
84016,Luggie Water,Condorrat,273900,672550,35.34,139,0.327,0.58,1089,17.2935,FALSE
84017,Black Cart Water,Milliken Park,241100,662000,103.16,175,0.445,0.61,1790,34.6455,FALSE
84018,Clyde,Tulliford Mill,289400,640300,938.36,330,0.452,0.61,1205,247.7385,FALSE
84019,North Calder Water,Calderpark,268100,662500,129.34,151,0.326,0.58,973,37.733,FALSE
84020,Glazert Water,Milton of Campsie,265650,676200,51.93,274,0.414,0.59,1560,54.245,FALSE
84023,Bothlin Burn,Auchengeich,268000,671600,34.76,84,0.313,0.58,1029,8.725,FALSE
84025,Luggie Water,Oxgang,266550,673450,92.28,102,0.318,0.58,1068,31.903,FALSE
84026,Allander Water,Milngavie,255850,673550,30.65,187,0.368,0.61,1422,34.997,FALSE
84035,Kittoch Water,Waterside,259550,656200,16.81,170,0.337,0.58,1184,20.0325,FALSE
85001,Leven,Linnbrane,239400,680350,786.11,238,0.436,0.71,2023,124.173,FALSE
85002,Endrick Water,Gaidrew,248450,686600,219.07,192,0.454,0.65,1484,117.931,FALSE
85003,Falloch,Glen Falloch,232100,719450,79.92,446,0.379,0.78,2847,160.1785,FALSE
86001,Little Eachaig,Dalinlongart,214250,682000,31.83,274,0.393,0.71,2341,43.18,FALSE
86002,Eachaig,Eckford,213900,684300,138.67,298,0.38,0.75,2470,80.978,FALSE
90003,Nevis,Claggan,211600,774250,69.21,511,0.428,0.81,2913,121.753,FALSE
91802,Allt Leachdach,Intake,226100,778150,6.54,622,0.397,0.83,2554,6.35,FALSE
92002,Allt Coire nan Con,Polloch,179250,768850,8.06,333,0.359,0.8,2541,13.5395,FALSE
93001,Carron,New Kelso,194200,842900,139.21,356,0.406,0.83,2616,181.095,FALSE
94001,Ewe,Poolewe,186000,880350,441.21,311,0.365,0.83,2273,116.217,FALSE
95001,Inver,Little Assynt,214700,924900,138.47,292,0.399,0.77,2208,38.853,FALSE
95004,Abhainn a'Chnocain,Elphin,221200,911000,10.58,273,0.467,0.81,1964,10.921,FALSE
96001,Halladale,Halladale,289100,956100,193.72,175,0.297,0.69,1096,105.526,FALSE
96002,Naver,Apigill,271350,956750,474.02,224,0.338,0.73,1383,135.932,FALSE
96003,Strathy,Strathy Bridge,283600,965150,120.87,161,0.289,0.6,1090,50.021,FALSE
96004,Strathmore,Allnabad,245300,942900,105.36,325,0.352,0.85,2455,198.528,FALSE
97002,Thurso,Halkirk,313100,959550,414.48,149,0.292,0.58,1058,104.956,FALSE
105001,Snizort,Skeabost,141500,848650,80.55,160,0.308,0.76,2158,66.029,FALSE
106002,Laxdale,Laxdale,109900,897100,10.64,185,0.31,0.76,1993,17.4485,FALSE
106003,Abhainn Roag,Mill Croft,76700,834750,13.81,142,0.333,0.62,1730,15.9105,FALSE
201002,Fairywater,Dudgeon Bridge,53393.1267969165,539231.630179502,158.24,143,0.419,0.62,1285,65.6465,TRUE
201005,Camowen,Camowen Terrace,58643.698152659,536018.920717926,276.38,159,0.514,0.64,1144,88.807,TRUE
201007,Burn Dennet,Burndennet,52579.8286014618,568388.487957977,147.14,167,0.455,0.61,1186,84.166,TRUE
201008,Derg,Castlederg,40101.4647332626,548861.548270245,335.52,177,0.504,0.62,1558,194.2015,TRUE
201009,Owenkillew,Crosh,55617.5098387022,549942.043421782,440.62,234,0.355,0.64,1367,274.6925,TRUE
201010,Mourne,Drumnabuoy House,49332.1927655143,559825.615030074,1843.9,168,0.448,0.62,1288,602.282,TRUE
202001,Roe,Ardnargle,84303.8751450665,585650.512554159,365.73,194,0.403,0.61,1250,151.0085,TRUE
202002,Faughan,Drumahoe,62593.2028980444,577925.993522301,273.03,188,0.426,0.61,1219,149.11,TRUE
203010,Blackwater,Maydown Bridge,92692.9919549763,511911.589379457,964.71,110,0.395,0.57,1008,134.823,TRUE
203011,Main,Dromona,120395.358969175,566827.997697285,243.57,169,0.492,0.61,1205,48.4385,TRUE
203012,Ballinderry,Ballinderry Bridge,105686.259293584,538768.779748911,429.2,119,0.523,0.56,1077,133.577,TRUE
203017,Upper Bann,Dynes Bridge,114798.172567624,509119.675360085,315.94,135,0.449,0.53,1023,75.943,TRUE
203018,Six-Mile Water,Antrim,128105.528627637,543775.555003283,277.78,146,0.425,0.52,1075,82.136,TRUE
203019,Claudy,Glenone Bridge,111377.559002896,562381.366705536,126.42,111,0.463,0.6,1131,34.1485,TRUE
203020,Moyola,Moyola New Bridge,109591.41216036,549178.968120282,304.2,148,0.454,0.55,1225,112.317,TRUE
203022,Blackwater,Derrymeen Bridge,73342.6423896935,514669.707979242,183.94,140,0.46,0.58,1142,59.382,TRUE
203024,Cusher,Gamble's Bridge,115010.226926425,505135.378355716,170.89,132,0.365,0.53,996,50.864,TRUE
203025,Callan,Martin's Bridge,99909.7607380231,511747.011136926,166.7,128,0.385,0.53,933,38.351,TRUE
203026,Glenavy,Glenavy,127246.125723554,529642.467354238,44.51,165,0.376,0.52,987,16.2945,TRUE
203027,Braid,Ballee,124587.193086892,558937.201372076,183.03,169,0.498,0.61,1202,88.144,TRUE
203028,Agivey,Whitehill,104789.756367157,578613.809770036,100.42,179,0.404,0.61,1270,64.866,TRUE
203033,Upper Bann,Bannfield,132440.302971426,490546.36980064,101.64,202,0.471,0.53,1261,64.73,TRUE
203042,Crumlin,Cidercourt Bridge,126142.269420399,533753.031926969,54.36,143,0.338,0.52,991,38.771,TRUE
203043,Oonawater,Shanmoy,89074.1003445384,515987.068369357,88.59,117,0.4,0.59,1003,31.404,TRUE
203046,Rathmore Burn,Rathmore Bridge,133177.08736845,542035.579703917,22.5,150,0.429,0.52,1043,10.653,TRUE
203049,Clady,Clady Bridge,133372.141756996,540211.733314186,29.21,193,0.367,0.52,1080,23.742,TRUE
203093,Main,Shane's Viaduct,122422.972184365,547174.578176069,707.79,158,0.459,0.57,1154,204.0425,TRUE
204001,Bush,Seneirl Bridge,112068.227883058,594908.289522498,298.98,119,0.561,0.61,1116,62.568,TRUE
205004,Lagan,Newforge,144858.223199666,524872.428637378,493.15,102,0.459,0.52,916,75.395,TRUE
205005,Ravernet,Ravernet,137997.619214708,517428.306820343,73.72,100,0.422,0.52,946,14.9,TRUE
205008,Lagan,Drumiller,134258.333788654,508913.481260072,84.97,168,0.403,0.53,1016,27.02,TRUE
205011,Annacloy,Kilmore Bridge,155244.711530856,505465.092815691,186.21,95,0.44,0.53,968,40.9695,TRUE
205020,Enler,Comber,157946.140309352,524154.115626665,61.4,83,0.438,0.52,933,17.933,TRUE
205034,Woodburn,Control,151063.899524736,545169.976402161,5.74,242,0.41,0.52,1177,0.121,TRUE
205101,Blackstaff,Eason's,144022.139054577,528005.683642677,13.96,54,0.413,0.52,990,9.859,TRUE
206001,Clanrye,Mountmill Bridge,117379.552021555,488767.681513504,120.47,97,0.569,0.53,975,20.28,TRUE
206004,Bessbrook,Carnbane,116084.575005834,487120.906998111,34.76,133,0.584,0.53,1055,17.6,TRUE
206006,Annalong,Recorder,143021.829195617,478652.878936747,14.44,385,0.336,0.53,1704,15.33,TRUE
236005,Colebrooke,Ballindarragh Bridge,42609.3082051138,500064.019968842,313.58,147,0.421,0.58,1156,108.7335,TRUE
236007,Sillees,Drumrainey Bridge,30338.8966642552,505230.943782026,167.5,140,0.495,0.6,1330,24.8945,TRUE
